{"RuleTriggered": 0, "Violations": 0, "Details": {"pin_memory": false, "num_workers": 0, "cores": 8, "dataloaders": 1, "dataloading_time": {"p25": 0.225497, "p50": 0.225497, "p95": 0.225497, "probs": [0, 0, 0, 0, 0, 0, 0, 0, 0, 0, 0, 0, 0, 0, 0, 0, 0, 0, 0, 0, 0, 0, 0, 0, 0, 0, 0, 0, 0, 0, 0, 0, 0, 0, 0, 0, 0, 0, 0, 0, 0, 0, 0, 0, 0, 0, 0, 0, 0, 0, 1, 0, 0, 0, 0, 0, 0, 0, 0, 0, 0, 0, 0, 0, 0, 0, 0, 0, 0, 0, 0, 0, 0, 0, 0, 0, 0, 0, 0, 0, 0, 0, 0, 0, 0, 0, 0, 0, 0, 0, 0, 0, 0, 0, 0, 0, 0, 0, 0, 0], "binedges": [-0.274503, -0.264503, -0.254503, -0.244503, -0.234503, -0.224503, -0.214503, -0.204503, -0.19450299999999998, -0.184503, -0.174503, -0.164503, -0.154503, -0.144503, -0.13450299999999998, -0.124503, -0.114503, -0.10450299999999998, -0.094503, -0.084503, -0.07450299999999999, -0.064503, -0.054502999999999996, -0.04450299999999999, -0.034503000000000006, -0.024502999999999997, -0.014502999999999988, -0.004502999999999979, 0.00549700000000003, 0.015496999999999983, 0.025496999999999992, 0.035497, 0.04549700000000001, 0.05549700000000002, 0.06549700000000003, 0.07549700000000004, 0.08549699999999999, 0.095497, 0.10549700000000001, 0.11549700000000002, 0.12549700000000003, 0.13549700000000003, 0.145497, 0.155497, 0.165497, 0.17549700000000001, 0.18549700000000002, 0.19549700000000003, 0.20549699999999999, 0.215497, 0.225497, 0.235497, 0.24549700000000002, 0.25549700000000003, 0.26549700000000004, 0.27549700000000005, 0.28549700000000006, 0.29549700000000007, 0.30549699999999996, 0.31549699999999997, 0.325497, 0.335497, 0.345497, 0.355497, 0.365497, 0.375497, 0.38549700000000003, 0.39549700000000004, 0.40549700000000005, 0.41549700000000006, 0.42549700000000007, 0.43549699999999997, 0.445497, 0.455497, 0.465497, 0.475497, 0.485497, 0.495497, 0.5054970000000001, 0.5154970000000001, 0.5254970000000001, 0.5354970000000001, 0.5454970000000001, 0.5554970000000001, 0.5654969999999999, 0.5754969999999999, 0.5854969999999999, 0.5954969999999999, 0.605497, 0.615497, 0.625497, 0.635497, 0.645497, 0.655497, 0.665497, 0.675497, 0.685497, 0.695497, 0.705497, 0.715497, 0.7254970000000001]}}, "Datapoints": 1, "RuleParameters": "min_threshold:70\nmax_threshold:200"}