{"RuleTriggered": 0, "Violations": 169, "Details": {"low_gpu_utilization": 840, "bottlenecks": {"1638742680.42601": {"GPUs": 1, "CPUs": 5}, "1638742680.925999": {"GPUs": 1, "CPUs": 3}, "1638742681.425998": {"GPUs": 1, "CPUs": 4}, "1638742690.426025": {"GPUs": 1, "CPUs": 1}, "1638742690.926012": {"GPUs": 1, "CPUs": 2}, "1638742691.426036": {"GPUs": 1, "CPUs": 2}, "1638742691.925992": {"GPUs": 1, "CPUs": 4}, "1638742692.426004": {"GPUs": 1, "CPUs": 4}, "1638742692.926011": {"GPUs": 1, "CPUs": 4}, "1638742693.426006": {"GPUs": 1, "CPUs": 3}, "1638742693.926004": {"GPUs": 1, "CPUs": 4}, "1638742694.426003": {"GPUs": 1, "CPUs": 5}, "1638742694.925998": {"GPUs": 1, "CPUs": 4}, "1638742695.426": {"GPUs": 1, "CPUs": 5}, "1638742695.926006": {"GPUs": 1, "CPUs": 4}, "1638742696.426017": {"GPUs": 1, "CPUs": 3}, "1638742696.927508": {"GPUs": 1, "CPUs": 1}, "1638742697.425955": {"GPUs": 1, "CPUs": 1}, "1638742697.926018": {"GPUs": 1, "CPUs": 1}, "1638742698.426348": {"GPUs": 1, "CPUs": 1}, "1638742698.926636": {"GPUs": 1, "CPUs": 1}, "1638742699.425999": {"GPUs": 1, "CPUs": 1}, "1638742699.926044": {"GPUs": 1, "CPUs": 1}, "1638742700.426018": {"GPUs": 1, "CPUs": 1}, "1638742700.926016": {"GPUs": 1, "CPUs": 1}, "1638742701.425992": {"GPUs": 1, "CPUs": 1}, "1638742701.926003": {"GPUs": 1, "CPUs": 1}, "1638742702.426022": {"GPUs": 1, "CPUs": 2}, "1638742713.426033": {"GPUs": 1, "CPUs": 1}, "1638742713.925991": {"GPUs": 1, "CPUs": 1}, "1638742714.426001": {"GPUs": 1, "CPUs": 2}, "1638742714.926022": {"GPUs": 1, "CPUs": 2}, "1638742715.426016": {"GPUs": 1, "CPUs": 2}, "1638742715.926015": {"GPUs": 1, "CPUs": 2}, "1638742716.42599": {"GPUs": 1, "CPUs": 4}, "1638742716.926009": {"GPUs": 1, "CPUs": 4}, "1638742717.426": {"GPUs": 1, "CPUs": 3}, "1638742717.92601": {"GPUs": 1, "CPUs": 3}, "1638742718.426039": {"GPUs": 1, "CPUs": 3}, "1638742718.926032": {"GPUs": 1, "CPUs": 3}, "1638742719.425989": {"GPUs": 1, "CPUs": 1}, "1638742719.92599": {"GPUs": 1, "CPUs": 1}, "1638742720.425998": {"GPUs": 1, "CPUs": 1}, "1638742720.925999": {"GPUs": 1, "CPUs": 1}, "1638742721.426002": {"GPUs": 1, "CPUs": 1}, "1638742721.926009": {"GPUs": 1, "CPUs": 2}, "1638742722.426002": {"GPUs": 1, "CPUs": 2}, "1638742722.926002": {"GPUs": 1, "CPUs": 3}, "1638742723.426": {"GPUs": 1, "CPUs": 2}, "1638742723.926002": {"GPUs": 1, "CPUs": 2}, "1638742724.426022": {"GPUs": 1, "CPUs": 2}, "1638742724.926012": {"GPUs": 1, "CPUs": 2}, "1638742725.426008": {"GPUs": 1, "CPUs": 1}, "1638742725.926003": {"GPUs": 1, "CPUs": 1}, "1638742726.425999": {"GPUs": 1, "CPUs": 1}, "1638742726.925999": {"GPUs": 1, "CPUs": 2}, "1638742727.425999": {"GPUs": 1, "CPUs": 2}, "1638742727.926011": {"GPUs": 1, "CPUs": 2}, "1638742728.426009": {"GPUs": 1, "CPUs": 2}, "1638742728.925999": {"GPUs": 1, "CPUs": 3}, "1638742729.426002": {"GPUs": 1, "CPUs": 3}, "1638742729.926009": {"GPUs": 1, "CPUs": 3}, "1638742730.425983": {"GPUs": 1, "CPUs": 3}, "1638742733.926003": {"GPUs": 1, "CPUs": 1}, "1638742734.426003": {"GPUs": 1, "CPUs": 1}, "1638742734.926006": {"GPUs": 1, "CPUs": 2}, "1638742735.426002": {"GPUs": 1, "CPUs": 2}, "1638742735.926018": {"GPUs": 1, "CPUs": 2}, "1638742736.425987": {"GPUs": 1, "CPUs": 2}, "1638742736.926005": {"GPUs": 1, "CPUs": 1}, "1638742737.425999": {"GPUs": 1, "CPUs": 2}, "1638742742.926004": {"GPUs": 1, "CPUs": 2}, "1638742743.426003": {"GPUs": 1, "CPUs": 1}, "1638742743.926012": {"GPUs": 1, "CPUs": 2}, "1638742744.425999": {"GPUs": 1, "CPUs": 2}, "1638742744.926008": {"GPUs": 1, "CPUs": 2}, "1638742745.425987": {"GPUs": 1, "CPUs": 2}, "1638742753.925999": {"GPUs": 1, "CPUs": 1}, "1638742754.426014": {"GPUs": 1, "CPUs": 3}, "1638742754.925987": {"GPUs": 1, "CPUs": 3}, "1638742755.426012": {"GPUs": 1, "CPUs": 2}, "1638742755.925989": {"GPUs": 1, "CPUs": 2}, "1638742756.426001": {"GPUs": 1, "CPUs": 3}, "1638742756.926": {"GPUs": 1, "CPUs": 3}, "1638742757.425992": {"GPUs": 1, "CPUs": 4}, "1638742762.926023": {"GPUs": 1, "CPUs": 2}, "1638742763.426019": {"GPUs": 1, "CPUs": 1}, "1638742763.926017": {"GPUs": 1, "CPUs": 2}, "1638742764.42599": {"GPUs": 1, "CPUs": 2}, "1638742764.925998": {"GPUs": 1, "CPUs": 2}, "1638742765.426001": {"GPUs": 1, "CPUs": 2}, "1638742765.925999": {"GPUs": 1, "CPUs": 2}, "1638742766.426015": {"GPUs": 1, "CPUs": 2}, "1638742766.925992": {"GPUs": 1, "CPUs": 2}, "1638742767.426": {"GPUs": 1, "CPUs": 1}, "1638742767.925998": {"GPUs": 1, "CPUs": 1}, "1638742768.426002": {"GPUs": 1, "CPUs": 2}, "1638742776.426": {"GPUs": 1, "CPUs": 1}, "1638742776.925997": {"GPUs": 1, "CPUs": 1}, "1638742777.426017": {"GPUs": 1, "CPUs": 2}, "1638742777.925982": {"GPUs": 1, "CPUs": 1}, "1638742778.426016": {"GPUs": 1, "CPUs": 1}, "1638742778.926006": {"GPUs": 1, "CPUs": 2}, "1638742779.425989": {"GPUs": 1, "CPUs": 2}, "1638742779.926003": {"GPUs": 1, "CPUs": 2}, "1638742780.42599": {"GPUs": 1, "CPUs": 3}, "1638742780.926003": {"GPUs": 1, "CPUs": 3}, "1638742781.426002": {"GPUs": 1, "CPUs": 3}, "1638742781.926001": {"GPUs": 1, "CPUs": 3}, "1638742782.426033": {"GPUs": 1, "CPUs": 2}, "1638742782.925987": {"GPUs": 1, "CPUs": 1}, "1638742785.926007": {"GPUs": 1, "CPUs": 2}, "1638742792.926037": {"GPUs": 1, "CPUs": 2}, "1638742799.925992": {"GPUs": 1, "CPUs": 1}, "1638742800.426023": {"GPUs": 1, "CPUs": 1}, "1638742800.925977": {"GPUs": 1, "CPUs": 1}, "1638742801.426045": {"GPUs": 1, "CPUs": 1}, "1638742801.926028": {"GPUs": 1, "CPUs": 1}, "1638742802.426015": {"GPUs": 1, "CPUs": 1}, "1638742802.926004": {"GPUs": 1, "CPUs": 2}, "1638742803.426007": {"GPUs": 1, "CPUs": 3}, "1638742803.926026": {"GPUs": 1, "CPUs": 2}, "1638742804.425994": {"GPUs": 1, "CPUs": 2}, "1638742804.926009": {"GPUs": 1, "CPUs": 2}, "1638742805.426007": {"GPUs": 1, "CPUs": 2}, "1638742805.925996": {"GPUs": 1, "CPUs": 2}, "1638742806.426001": {"GPUs": 1, "CPUs": 2}, "1638742806.926005": {"GPUs": 1, "CPUs": 2}, "1638742807.425998": {"GPUs": 1, "CPUs": 2}, "1638742807.925993": {"GPUs": 1, "CPUs": 3}, "1638742808.426004": {"GPUs": 1, "CPUs": 2}, "1638742808.925996": {"GPUs": 1, "CPUs": 2}, "1638742809.426015": {"GPUs": 1, "CPUs": 2}, "1638742809.926001": {"GPUs": 1, "CPUs": 2}, "1638742810.425992": {"GPUs": 1, "CPUs": 2}, "1638742810.926004": {"GPUs": 1, "CPUs": 2}, "1638742811.425995": {"GPUs": 1, "CPUs": 2}, "1638742811.925989": {"GPUs": 1, "CPUs": 2}, "1638742812.425993": {"GPUs": 1, "CPUs": 3}, "1638742812.925999": {"GPUs": 1, "CPUs": 2}, "1638742813.426007": {"GPUs": 1, "CPUs": 2}, "1638742818.426023": {"GPUs": 1, "CPUs": 1}, "1638742820.42599": {"GPUs": 1, "CPUs": 1}, "1638742820.926002": {"GPUs": 1, "CPUs": 1}, "1638742821.425997": {"GPUs": 1, "CPUs": 2}, "1638742821.925998": {"GPUs": 1, "CPUs": 2}, "1638742822.426012": {"GPUs": 1, "CPUs": 1}, "1638742822.925991": {"GPUs": 1, "CPUs": 1}, "1638742823.425999": {"GPUs": 1, "CPUs": 2}, "1638742826.425992": {"GPUs": 1, "CPUs": 2}, "1638742826.926003": {"GPUs": 1, "CPUs": 2}, "1638742831.425999": {"GPUs": 1, "CPUs": 1}, "1638742831.926005": {"GPUs": 1, "CPUs": 1}, "1638742836.926014": {"GPUs": 1, "CPUs": 1}, "1638742837.426012": {"GPUs": 1, "CPUs": 1}, "1638742838.426003": {"GPUs": 1, "CPUs": 1}, "1638742848.92603": {"GPUs": 1, "CPUs": 1}, "1638742853.425996": {"GPUs": 1, "CPUs": 1}, "1638742853.926008": {"GPUs": 1, "CPUs": 1}, "1638742854.42602": {"GPUs": 1, "CPUs": 1}, "1638742854.926017": {"GPUs": 1, "CPUs": 1}, "1638742855.426019": {"GPUs": 1, "CPUs": 1}, "1638742855.926007": {"GPUs": 1, "CPUs": 1}, "1638742856.426008": {"GPUs": 1, "CPUs": 1}, "1638742856.925995": {"GPUs": 1, "CPUs": 1}, "1638742857.426003": {"GPUs": 1, "CPUs": 1}, "1638742857.926008": {"GPUs": 1, "CPUs": 1}, "1638742858.426023": {"GPUs": 1, "CPUs": 1}, "1638742860.926039": {"GPUs": 1, "CPUs": 1}}}, "Datapoints": 842, "RuleParameters": "threshold:50\nio_threshold:50\ngpu_threshold:10\npatience:1000"}