{"RuleTriggered": 0, "Violations": 0, "Details": {"step_num": {"first": 1638742852021676, "last": 1638743099920091}, "job_start": 1638742680.42601, "job_end": 1638743099.926248}, "Datapoints": 1322, "RuleParameters": "threshold:20"}