{"RuleTriggered": 0, "Violations": 0, "Details": {"ratio": {"gpu_functions-dev:0": 50.003351735136, "cpu_functions": 49.996648264864}, "phase": {"Step:ModeKeys.TRAIN": 15.652980629454957, "others": 81.80935749458276, "Step:ModeKeys.EVAL": 2.5376618759622893}, "phase_time": {}, "CPU": {"aten::conv2d": 25.001322705762146, "aten::convolution": 25.001203726251518, "aten::_convolution": 25.001126916694023, "aten::cudnn_convolution": 24.996346651292306}, "CPU_total": {"aten::conv2d": 16600375, "aten::convolution": 16600296, "aten::_convolution": 16600245, "aten::cudnn_convolution": 16597071}, "GPU": {"aten::conv2d": 25.001341371593906, "aten::convolution": 25.00126155941936, "aten::_convolution": 25.00120885326636, "aten::cudnn_convolution": 24.996188215720384}, "GPU_total": {"aten::conv2d": 16602368, "aten::convolution": 16602315, "aten::_convolution": 16602280, "aten::cudnn_convolution": 16598946}, "general": {"DataLoaderIterInitialize": 0.009836170591806432, "DataLoaderIter": 0.9307708602352394, "Forward": 99.05939296917296}}, "Datapoints": 0, "RuleParameters": ""}