{"RuleTriggered": 0, "Violations": 0, "Details": {"step_details": {"algo-1-26": {"step_stats": {"mean": 0.0037091284606866003, "max": 0.006398, "p99": 0.00515088, "p95": 0.0044356, "p50": 0.003476, "min": 0.003016}, "number_of_outliers": 8, "phase": "Step:ModeKeys.EVAL", "stddev": 0.0, "probs": [2, 1, 2, 1, 2, 3, 6, 7, 4, 12, 11, 17, 33, 29, 52, 60, 48, 38, 37, 31, 35, 35, 29, 18, 11, 11, 11, 7, 6, 3, 5, 6, 2, 6, 4, 1, 5, 5, 1, 7, 2, 9, 4, 7, 8, 6, 6, 6, 8, 8, 7, 8, 8, 12, 14, 19, 19, 15, 19, 9, 13, 14, 8, 13, 6, 4, 4, 3, 0, 0, 4, 2, 0, 0, 0, 0, 0, 0, 0, 0, 1, 1, 1, 0, 0, 0, 0, 1, 0, 1, 1, 0, 1, 4, 3, 3, 3, 1, 2, 3], "binedges": [0.003016, 0.00303745, 0.0030589, 0.00308035, 0.0031018, 0.00312325, 0.0031447, 0.00316615, 0.0031876, 0.00320905, 0.0032305, 0.00325195, 0.0032734, 0.00329485, 0.0033163, 0.00333775, 0.0033592, 0.00338065, 0.0034021, 0.00342355, 0.003445, 0.00346645, 0.0034879, 0.00350935, 0.0035307999999999997, 0.00355225, 0.0035737, 0.00359515, 0.0036165999999999998, 0.00363805, 0.0036595, 0.0036809499999999997, 0.0037024, 0.00372385, 0.0037453, 0.00376675, 0.0037882, 0.00380965, 0.0038310999999999996, 0.0038525499999999997, 0.003874, 0.00389545, 0.0039169, 0.00393835, 0.003959799999999999, 0.0039812499999999995, 0.0040027, 0.00402415, 0.0040456, 0.00406705, 0.0040885, 0.004109949999999999, 0.0041314, 0.00415285, 0.0041743, 0.00419575, 0.0042172, 0.00423865, 0.004260099999999999, 0.00428155, 0.0043029999999999995, 0.00432445, 0.0043459, 0.00436735, 0.0043888, 0.004410249999999999, 0.0044317, 0.0044531499999999995, 0.0044746, 0.00449605, 0.0045175, 0.00453895, 0.0045604, 0.00458185, 0.004603299999999999, 0.0046247499999999995, 0.0046462, 0.00466765, 0.0046891, 0.00471055, 0.004732, 0.004753449999999999, 0.0047748999999999995, 0.00479635, 0.0048178, 0.00483925, 0.0048607, 0.00488215, 0.004903599999999999, 0.004925049999999999, 0.0049464999999999995, 0.00496795, 0.0049894, 0.00501085, 0.0050323, 0.005053749999999999, 0.0050752, 0.0050966499999999994, 0.0051180999999999996, 0.00513955, 0.005161], "step_numbers": ["52", "210", "580", "590", "600", "697", "780", "900"]}}}, "Datapoints": 1322, "RuleParameters": "threshold:3\nmode:None\nn_outliers:10\nstddev:3"}